
{
  "header": {
    "reportVersion": 2,
    "event": "Allocation failed - JavaScript heap out of memory",
    "trigger": "FatalError",
    "filename": "report.20210607.190028.15764.0.001.json",
    "dumpEventTime": "2021-06-07T19:00:28Z",
    "dumpEventTimeStamp": "1623088828851",
    "processId": 15764,
    "threadId": null,
    "cwd": "C:\\Users\\Roger\\Sites\\www.newleioc.dev.cc\\wp-content\\plugins\\leioc-event-paypal",
    "commandLine": [
      "node",
      "C:\\Users\\Roger\\AppData\\Roaming\\npm\\\\node_modules\\gulp-cli\\bin\\gulp.js",
      "watch"
    ],
    "nodejsVersion": "v12.16.2",
    "wordSize": 64,
    "arch": "x64",
    "platform": "win32",
    "componentVersions": {
      "node": "12.16.2",
      "v8": "7.8.279.23-node.34",
      "uv": "1.34.2",
      "zlib": "1.2.11",
      "brotli": "1.0.7",
      "ares": "1.15.0",
      "modules": "72",
      "nghttp2": "1.40.0",
      "napi": "5",
      "llhttp": "2.0.4",
      "http_parser": "2.9.3",
      "openssl": "1.1.1e",
      "cldr": "36.0",
      "icu": "65.1",
      "tz": "2019c",
      "unicode": "12.1"
    },
    "release": {
      "name": "node",
      "lts": "Erbium",
      "headersUrl": "https://nodejs.org/download/release/v12.16.2/node-v12.16.2-headers.tar.gz",
      "sourceUrl": "https://nodejs.org/download/release/v12.16.2/node-v12.16.2.tar.gz",
      "libUrl": "https://nodejs.org/download/release/v12.16.2/win-x64/node.lib"
    },
    "osName": "Windows_NT",
    "osRelease": "10.0.19042",
    "osVersion": "Windows 10 Home",
    "osMachine": "x86_64",
    "cpus": [
      {
        "model": "Intel(R) Core(TM) i3-7020U CPU @ 2.30GHz",
        "speed": 2304,
        "user": 16996484,
        "nice": 0,
        "sys": 20422546,
        "idle": 81988312,
        "irq": 1376390
      },
      {
        "model": "Intel(R) Core(TM) i3-7020U CPU @ 2.30GHz",
        "speed": 2304,
        "user": 18393859,
        "nice": 0,
        "sys": 13976718,
        "idle": 87036640,
        "irq": 271578
      },
      {
        "model": "Intel(R) Core(TM) i3-7020U CPU @ 2.30GHz",
        "speed": 2304,
        "user": 19659828,
        "nice": 0,
        "sys": 17708671,
        "idle": 82038656,
        "irq": 350734
      },
      {
        "model": "Intel(R) Core(TM) i3-7020U CPU @ 2.30GHz",
        "speed": 2304,
        "user": 21185062,
        "nice": 0,
        "sys": 13494031,
        "idle": 84728078,
        "irq": 255625
      }
    ],
    "networkInterfaces": [
      {
        "name": "WiFi",
        "internal": false,
        "mac": "32:d1:6a:7f:d7:fa",
        "address": "fe80::5bb:4083:e169:f26a",
        "netmask": "ffff:ffff:ffff:ffff::",
        "family": "IPv6",
        "scopeid": 3
      },
      {
        "name": "WiFi",
        "internal": false,
        "mac": "32:d1:6a:7f:d7:fa",
        "address": "192.168.1.197",
        "netmask": "255.255.255.0",
        "family": "IPv4"
      },
      {
        "name": "Loopback Pseudo-Interface 1",
        "internal": true,
        "mac": "00:00:00:00:00:00",
        "address": "::1",
        "netmask": "ffff:ffff:ffff:ffff:ffff:ffff:ffff:ffff",
        "family": "IPv6",
        "scopeid": 0
      },
      {
        "name": "Loopback Pseudo-Interface 1",
        "internal": true,
        "mac": "00:00:00:00:00:00",
        "address": "127.0.0.1",
        "netmask": "255.0.0.0",
        "family": "IPv4"
      }
    ],
    "host": "LAPTOP-04L154GV"
  },
  "javascriptStack": {
    "message": "No stack.",
    "stack": [
      "Unavailable."
    ]
  },
  "nativeStack": [
    {
      "pc": "0x00007ff798a92309",
      "symbol": "std::basic_ostream<char,std::char_traits<char> >::operator<<+11577"
    },
    {
      "pc": "0x00007ff798a96869",
      "symbol": "std::basic_ostream<char,std::char_traits<char> >::operator<<+29337"
    },
    {
      "pc": "0x00007ff798a956e8",
      "symbol": "std::basic_ostream<char,std::char_traits<char> >::operator<<+24856"
    },
    {
      "pc": "0x00007ff798bbdd82",
      "symbol": "v8::base::CPU::has_sse+59378"
    },
    {
      "pc": "0x00007ff7993da27e",
      "symbol": "v8::Isolate::ReportExternalAllocationLimitReached+94"
    },
    {
      "pc": "0x00007ff7993c2351",
      "symbol": "v8::SharedArrayBuffer::Externalize+833"
    },
    {
      "pc": "0x00007ff79928e8ac",
      "symbol": "v8::internal::Heap::EphemeronKeyWriteBarrierFromCode+1436"
    },
    {
      "pc": "0x00007ff799299ae0",
      "symbol": "v8::internal::Heap::ProtectUnprotectedMemoryChunks+1312"
    },
    {
      "pc": "0x00007ff799296604",
      "symbol": "v8::internal::Heap::PageFlagsAreConsistent+3204"
    },
    {
      "pc": "0x00007ff79928be03",
      "symbol": "v8::internal::Heap::CollectGarbage+1283"
    },
    {
      "pc": "0x00007ff79928a474",
      "symbol": "v8::internal::Heap::AddRetainedMap+2452"
    },
    {
      "pc": "0x00007ff7992b1fbb",
      "symbol": "v8::internal::Factory::NewRawOneByteString+91"
    },
    {
      "pc": "0x00007ff7990d3f8a",
      "symbol": "v8::internal::String::SlowFlatten+442"
    },
    {
      "pc": "0x00007ff798f9b9bf",
      "symbol": "unibrow::Utf8::EncodeOneByte+687"
    },
    {
      "pc": "0x00007ff798fd59df",
      "symbol": "v8::internal::StubCache::value_reference+7471"
    },
    {
      "pc": "0x00007ff79982730d",
      "symbol": "v8::internal::SetupIsolateDelegate::SetupHeap+546637"
    },
    {
      "pc": "0x0000032b162ed466",
      "symbol": ""
    }
  ],
  "javascriptHeap": {
    "totalMemory": 2151264256,
    "totalCommittedMemory": 2151264256,
    "usedMemory": 2144739064,
    "availableMemory": 48663840,
    "memoryLimit": 2197815296,
    "heapSpaces": {
      "read_only_space": {
        "memorySize": 262144,
        "committedMemory": 262144,
        "capacity": 32808,
        "used": 32808,
        "available": 0
      },
      "new_space": {
        "memorySize": 2097152,
        "committedMemory": 2097152,
        "capacity": 1047456,
        "used": 171432,
        "available": 876024
      },
      "old_space": {
        "memorySize": 2022055936,
        "committedMemory": 2022055936,
        "capacity": 2018991320,
        "used": 2018802000,
        "available": 189320
      },
      "code_space": {
        "memorySize": 1216512,
        "committedMemory": 1216512,
        "capacity": 942048,
        "used": 942048,
        "available": 0
      },
      "map_space": {
        "memorySize": 1839104,
        "committedMemory": 1839104,
        "capacity": 1086240,
        "used": 1086240,
        "available": 0
      },
      "large_object_space": {
        "memorySize": 123744256,
        "committedMemory": 123744256,
        "capacity": 123701752,
        "used": 123701752,
        "available": 0
      },
      "code_large_object_space": {
        "memorySize": 49152,
        "committedMemory": 49152,
        "capacity": 2784,
        "used": 2784,
        "available": 0
      },
      "new_large_object_space": {
        "memorySize": 0,
        "committedMemory": 0,
        "capacity": 1047456,
        "used": 0,
        "available": 1047456
      }
    }
  },
  "resourceUsage": {
    "userCpuSeconds": 1624.88,
    "kernelCpuSeconds": 1697.16,
    "cpuConsumptionPercent": 3.58898,
    "maxRss": 5722521600,
    "pageFaults": {
      "IORequired": 6713721,
      "IONotRequired": 0
    },
    "fsActivity": {
      "reads": 2789,
      "writes": 5
    }
  },
  "libuv": [
  ],
  "workers": [
  ],
  "environmentVariables": {
    "=C:": "C:\\Users\\Roger\\Sites\\www.newleioc.dev.cc\\wp-content\\plugins\\leioc-event-paypal",
    "=ExitCode": "00000001",
    "ALLUSERSPROFILE": "C:\\ProgramData",
    "APPDATA": "C:\\Users\\Roger\\AppData\\Roaming",
    "CHROME_CRASHPAD_PIPE_NAME": "\\\\.\\pipe\\crashpad_12116_CRLMNSSSMLHKNVBU",
    "CommonProgramFiles": "C:\\Program Files\\Common Files",
    "CommonProgramFiles(x86)": "C:\\Program Files (x86)\\Common Files",
    "CommonProgramW6432": "C:\\Program Files\\Common Files",
    "COMPUTERNAME": "LAPTOP-04L154GV",
    "ComSpec": "C:\\WINDOWS\\system32\\cmd.exe",
    "dp0": "C:\\Users\\Roger\\AppData\\Roaming\\npm\\",
    "DriverData": "C:\\Windows\\System32\\Drivers\\DriverData",
    "HOMEDRIVE": "C:",
    "HOMEPATH": "\\Users\\Roger",
    "INIT_CWD": "C:\\Users\\Roger\\Sites\\www.newleioc.dev.cc\\wp-content\\plugins\\leioc-event-paypal",
    "LOCALAPPDATA": "C:\\Users\\Roger\\AppData\\Local",
    "LOGONSERVER": "\\\\LAPTOP-04L154GV",
    "NUMBER_OF_PROCESSORS": "4",
    "OneDrive": "C:\\Users\\Roger\\OneDrive",
    "ORIGINAL_XDG_CURRENT_DESKTOP": "undefined",
    "OS": "Windows_NT",
    "Path": "C:\\Program Files (x86)\\Intel\\iCLS Client\\;C:\\Program Files\\Intel\\iCLS Client\\;C:\\WINDOWS\\system32;C:\\WINDOWS;C:\\WINDOWS\\System32\\Wbem;C:\\WINDOWS\\System32\\WindowsPowerShell\\v1.0\\;C:\\Program Files (x86)\\Intel\\Intel(R) Management Engine Components\\DAL;C:\\Program Files\\Intel\\Intel(R) Management Engine Components\\DAL;C:\\Program Files (x86)\\Intel\\Intel(R) Management Engine Components\\IPT;C:\\Program Files\\Intel\\Intel(R) Management Engine Components\\IPT;C:\\WINDOWS\\System32\\OpenSSH\\;c:\\Program Files (x86)\\Microsoft SQL Server\\110\\Tools\\Binn\\;c:\\Program Files\\Microsoft SQL Server\\110\\Tools\\Binn\\;c:\\Program Files\\Microsoft SQL Server\\110\\DTS\\Binn\\;C:\\Program Files (x86)\\Brackets\\command;C:\\xampplite\\php;C:\\ProgramData\\ComposerSetup\\bin;C:\\Program Files\\nodejs\\;C:\\Users\\Roger\\AppData\\Local\\Microsoft\\WindowsApps;;C:\\Users\\Roger\\AppData\\Local\\Programs\\Microsoft VS Code\\bin;C:\\Users\\Roger\\AppData\\Roaming\\Composer\\vendor\\bin;C:\\Users\\Roger\\AppData\\Roaming\\npm",
    "PATHEXT": ".COM;.EXE;.BAT;.CMD;.VBS;.VBE;.JSE;.WSF;.WSH;.MSC",
    "PROCESSOR_ARCHITECTURE": "AMD64",
    "PROCESSOR_IDENTIFIER": "Intel64 Family 6 Model 142 Stepping 10, GenuineIntel",
    "PROCESSOR_LEVEL": "6",
    "PROCESSOR_REVISION": "8e0a",
    "ProgramData": "C:\\ProgramData",
    "ProgramFiles": "C:\\Program Files",
    "ProgramFiles(x86)": "C:\\Program Files (x86)",
    "ProgramW6432": "C:\\Program Files",
    "PROMPT": "$P$G",
    "PSModulePath": "C:\\Program Files\\WindowsPowerShell\\Modules;C:\\WINDOWS\\system32\\WindowsPowerShell\\v1.0\\Modules;c:\\Program Files (x86)\\Microsoft SQL Server\\110\\Tools\\PowerShell\\Modules\\",
    "PUBLIC": "C:\\Users\\Public",
    "SESSIONNAME": "Console",
    "SystemDrive": "C:",
    "SystemRoot": "C:\\WINDOWS",
    "TEMP": "C:\\Users\\Roger\\AppData\\Local\\Temp",
    "TMP": "C:\\Users\\Roger\\AppData\\Local\\Temp",
    "USERDOMAIN": "LAPTOP-04L154GV",
    "USERDOMAIN_ROAMINGPROFILE": "LAPTOP-04L154GV",
    "USERNAME": "Roger",
    "USERPROFILE": "C:\\Users\\Roger",
    "windir": "C:\\WINDOWS",
    "TERM_PROGRAM": "vscode",
    "TERM_PROGRAM_VERSION": "1.56.2",
    "LANG": "en_GB.UTF-8",
    "COLORTERM": "truecolor",
    "_prog": "node"
  },
  "sharedObjects": [
    "C:\\Program Files\\nodejs\\node.exe",
    "C:\\WINDOWS\\SYSTEM32\\ntdll.dll",
    "C:\\Program Files\\AVAST Software\\Avast\\aswhook.dll",
    "C:\\WINDOWS\\System32\\KERNEL32.DLL",
    "C:\\WINDOWS\\System32\\KERNELBASE.dll",
    "C:\\WINDOWS\\System32\\WS2_32.dll",
    "C:\\WINDOWS\\System32\\RPCRT4.dll",
    "C:\\WINDOWS\\SYSTEM32\\dbghelp.dll",
    "C:\\WINDOWS\\System32\\PSAPI.DLL",
    "C:\\WINDOWS\\System32\\ucrtbase.dll",
    "C:\\WINDOWS\\System32\\ADVAPI32.dll",
    "C:\\WINDOWS\\System32\\msvcrt.dll",
    "C:\\WINDOWS\\System32\\sechost.dll",
    "C:\\WINDOWS\\SYSTEM32\\IPHLPAPI.DLL",
    "C:\\WINDOWS\\System32\\USER32.dll",
    "C:\\WINDOWS\\System32\\win32u.dll",
    "C:\\WINDOWS\\SYSTEM32\\USERENV.dll",
    "C:\\WINDOWS\\System32\\GDI32.dll",
    "C:\\WINDOWS\\System32\\gdi32full.dll",
    "C:\\WINDOWS\\System32\\msvcp_win.dll",
    "C:\\WINDOWS\\System32\\CRYPT32.dll",
    "C:\\WINDOWS\\System32\\bcrypt.dll",
    "C:\\WINDOWS\\SYSTEM32\\WINMM.dll",
    "C:\\WINDOWS\\System32\\IMM32.DLL",
    "C:\\WINDOWS\\SYSTEM32\\powrprof.dll",
    "C:\\WINDOWS\\SYSTEM32\\UMPDC.dll",
    "C:\\WINDOWS\\SYSTEM32\\CRYPTBASE.DLL",
    "C:\\WINDOWS\\system32\\uxtheme.dll",
    "C:\\WINDOWS\\System32\\combase.dll",
    "C:\\WINDOWS\\system32\\mswsock.dll",
    "C:\\WINDOWS\\SYSTEM32\\kernel.appcore.dll",
    "C:\\WINDOWS\\System32\\bcryptprimitives.dll",
    "\\\\?\\C:\\Users\\Roger\\Sites\\www.newleioc.dev.cc\\wp-content\\plugins\\leioc-event-paypal\\node_modules\\node-sass\\vendor\\win32-x64-72\\bin",
    "C:\\WINDOWS\\System32\\NSI.dll",
    "C:\\WINDOWS\\SYSTEM32\\dhcpcsvc6.DLL",
    "C:\\WINDOWS\\SYSTEM32\\dhcpcsvc.DLL",
    "C:\\WINDOWS\\SYSTEM32\\DNSAPI.dll",
    "C:\\WINDOWS\\system32\\napinsp.dll",
    "C:\\WINDOWS\\system32\\pnrpnsp.dll",
    "C:\\WINDOWS\\system32\\wshbth.dll",
    "C:\\WINDOWS\\system32\\NLAapi.dll",
    "C:\\WINDOWS\\System32\\winrnr.dll",
    "C:\\Windows\\System32\\rasadhlp.dll",
    "C:\\WINDOWS\\System32\\fwpuclnt.dll"
  ]
}